[{"ProjectName":"project01","ImageName":"0.png","UniqueName":"BFC2C7,MAIN-pose-solo-hat-SOLO-SHADOW,the-bulli,scarf,earing-4,normal03,galsses01,solo-head,leer010 copy,necklace01,leer06","Dna":"15647C7126EA0768A519A700B79C24BF","Name":"#0","Description":"The project01  are a pack of 1 unique Crypto in NFT form","Image":"http://194.233.64.57/Data/Files/project01/images/0.png","Edition":0,"Date":637739056441729446,"Attributes":[{"TraitType":"Background","Value":"BFC2C7","ImageName":"BFC2C7.png"},{"TraitType":"Shadow","Value":"MAIN-pose-solo-hat-SOLO-SHADOW","ImageName":"MAIN-pose-solo-hat-SOLO-SHADOW.png"},{"TraitType":"Bulli","Value":"the-bulli","ImageName":"the-bulli.png"},{"TraitType":"Cloth","Value":"scarf","ImageName":"scarf.png"},{"TraitType":"Earring","Value":"earing-4","ImageName":"earing-4.png"},{"TraitType":"Eyeball","Value":"normal03","ImageName":"normal03.png"},{"TraitType":"Glasses","Value":"galsses01","ImageName":"galsses01.png"},{"TraitType":"Head","Value":"solo-head","ImageName":"solo-head.png"},{"TraitType":"Hat","Value":"leer010 copy","ImageName":"leer010 copy.png"},{"TraitType":"Necklace","Value":"necklace01","ImageName":"necklace01.png"},{"TraitType":"Snout","Value":"leer06","ImageName":"leer06.png"}],"Compiler":"NFT Art Engine"}]