{"ProjectName":"project01","ImageName":"0.png","UniqueName":"E77E2D,MAIN-pose-solo-hat-SOLO-SHADOW,the-bulli,hawaian-shirt,leer06,normal06,galsses04,solo-head,leer010 copy,leer010,candy-in-the-mouth","Dna":"0DFDCF94B80ECAE1A56CEE0DD3D5C234","Name":"#0","Description":"The project01  are a pack of 5 unique Crypto in NFT form","Image":"http://194.233.64.57/Data/Files/project01/images/0.png","Edition":0,"Date":637739204801803290,"Attributes":[{"TraitType":"Background","Value":"E77E2D","ImageName":"E77E2D.png"},{"TraitType":"Shadow","Value":"MAIN-pose-solo-hat-SOLO-SHADOW","ImageName":"MAIN-pose-solo-hat-SOLO-SHADOW.png"},{"TraitType":"Bulli","Value":"the-bulli","ImageName":"the-bulli.png"},{"TraitType":"Cloth","Value":"hawaian-shirt","ImageName":"hawaian-shirt.png"},{"TraitType":"Earring","Value":"leer06","ImageName":"leer06.png"},{"TraitType":"Eyeball","Value":"normal06","ImageName":"normal06.png"},{"TraitType":"Glasses","Value":"galsses04","ImageName":"galsses04.png"},{"TraitType":"Head","Value":"solo-head","ImageName":"solo-head.png"},{"TraitType":"Hat","Value":"leer010 copy","ImageName":"leer010 copy.png"},{"TraitType":"Necklace","Value":"leer010","ImageName":"leer010.png"},{"TraitType":"Snout","Value":"candy-in-the-mouth","ImageName":"candy-in-the-mouth.png"}],"Compiler":"NFT Art Engine"}