{"ProjectName":"project01","ImageName":"1.png","UniqueName":"0EA085,MAIN-pose-solo-hat-SOLO-SHADOW,the-bulli,braces,leer05,normal07,leer08 copy,solo-head,leer03,necklace05,sausage-in-the-mouth","Dna":"839738A9737CE1241DF13D932CC670A9","Name":"#1","Description":"The project01  are a pack of 5 unique Crypto in NFT form","Image":"http://194.233.64.57/Data/Files/project01/images/1.png","Edition":1,"Date":637739204801805701,"Attributes":[{"TraitType":"Background","Value":"0EA085","ImageName":"0EA085.png"},{"TraitType":"Shadow","Value":"MAIN-pose-solo-hat-SOLO-SHADOW","ImageName":"MAIN-pose-solo-hat-SOLO-SHADOW.png"},{"TraitType":"Bulli","Value":"the-bulli","ImageName":"the-bulli.png"},{"TraitType":"Cloth","Value":"braces","ImageName":"braces.png"},{"TraitType":"Earring","Value":"leer05","ImageName":"leer05.png"},{"TraitType":"Eyeball","Value":"normal07","ImageName":"normal07.png"},{"TraitType":"Glasses","Value":"leer08 copy","ImageName":"leer08 copy.png"},{"TraitType":"Head","Value":"solo-head","ImageName":"solo-head.png"},{"TraitType":"Hat","Value":"leer03","ImageName":"leer03.png"},{"TraitType":"Necklace","Value":"necklace05","ImageName":"necklace05.png"},{"TraitType":"Snout","Value":"sausage-in-the-mouth","ImageName":"sausage-in-the-mouth.png"}],"Compiler":"NFT Art Engine"}