{"ProjectName":"project01","ImageName":"2.png","UniqueName":"20AE65,MAIN-pose-solo-hat-SOLO-SHADOW,the-bulli,leer04,leer04,eyes-staring,leer010 copy,solo-head,leer04,leer07,leer01","Dna":"E5BDA618D0733C9FAD108CDD8BB93A8C","Name":"#2","Description":"The project01  are a pack of 5 unique Crypto in NFT form","Image":"http://194.233.64.57/Data/Files/project01/images/2.png","Edition":2,"Date":637739204801806475,"Attributes":[{"TraitType":"Background","Value":"20AE65","ImageName":"20AE65.png"},{"TraitType":"Shadow","Value":"MAIN-pose-solo-hat-SOLO-SHADOW","ImageName":"MAIN-pose-solo-hat-SOLO-SHADOW.png"},{"TraitType":"Bulli","Value":"the-bulli","ImageName":"the-bulli.png"},{"TraitType":"Cloth","Value":"leer04","ImageName":"leer04.png"},{"TraitType":"Earring","Value":"leer04","ImageName":"leer04.png"},{"TraitType":"Eyeball","Value":"eyes-staring","ImageName":"eyes-staring.png"},{"TraitType":"Glasses","Value":"leer010 copy","ImageName":"leer010 copy.png"},{"TraitType":"Head","Value":"solo-head","ImageName":"solo-head.png"},{"TraitType":"Hat","Value":"leer04","ImageName":"leer04.png"},{"TraitType":"Necklace","Value":"leer07","ImageName":"leer07.png"},{"TraitType":"Snout","Value":"leer01","ImageName":"leer01.png"}],"Compiler":"NFT Art Engine"}