{"ProjectName":"project01","ImageName":"3.png","UniqueName":"8D44AA,MAIN-pose-solo-hat-SOLO-SHADOW,the-bulli,leer05,leer03,eyes-laser,leer01 copy,solo-head,band,necklace04,baloon-in-the-mouth","Dna":"CFF9D7195950A511274C97B2A5D82FCD","Name":"#3","Description":"The project01  are a pack of 5 unique Crypto in NFT form","Image":"http://194.233.64.57/Data/Files/project01/images/3.png","Edition":3,"Date":637739204801807250,"Attributes":[{"TraitType":"Background","Value":"8D44AA","ImageName":"8D44AA.png"},{"TraitType":"Shadow","Value":"MAIN-pose-solo-hat-SOLO-SHADOW","ImageName":"MAIN-pose-solo-hat-SOLO-SHADOW.png"},{"TraitType":"Bulli","Value":"the-bulli","ImageName":"the-bulli.png"},{"TraitType":"Cloth","Value":"leer05","ImageName":"leer05.png"},{"TraitType":"Earring","Value":"leer03","ImageName":"leer03.png"},{"TraitType":"Eyeball","Value":"eyes-laser","ImageName":"eyes-laser.png"},{"TraitType":"Glasses","Value":"leer01 copy","ImageName":"leer01 copy.png"},{"TraitType":"Head","Value":"solo-head","ImageName":"solo-head.png"},{"TraitType":"Hat","Value":"band","ImageName":"band.png"},{"TraitType":"Necklace","Value":"necklace04","ImageName":"necklace04.png"},{"TraitType":"Snout","Value":"baloon-in-the-mouth","ImageName":"baloon-in-the-mouth.png"}],"Compiler":"NFT Art Engine"}