{"ProjectName":"project01","ImageName":"4.png","UniqueName":"3C556C,MAIN-pose-solo-hat-SOLO-SHADOW,the-bulli,leer010,earing-3,normal09,leer010,solo-head,hir-up,leer03,leer02","Dna":"A229CB14F4A633EB337871DC170BB1DA","Name":"#4","Description":"The project01  are a pack of 5 unique Crypto in NFT form","Image":"http://194.233.64.57/Data/Files/project01/images/4.png","Edition":4,"Date":637739204801807934,"Attributes":[{"TraitType":"Background","Value":"3C556C","ImageName":"3C556C.png"},{"TraitType":"Shadow","Value":"MAIN-pose-solo-hat-SOLO-SHADOW","ImageName":"MAIN-pose-solo-hat-SOLO-SHADOW.png"},{"TraitType":"Bulli","Value":"the-bulli","ImageName":"the-bulli.png"},{"TraitType":"Cloth","Value":"leer010","ImageName":"leer010.png"},{"TraitType":"Earring","Value":"earing-3","ImageName":"earing-3.png"},{"TraitType":"Eyeball","Value":"normal09","ImageName":"normal09.png"},{"TraitType":"Glasses","Value":"leer010","ImageName":"leer010.png"},{"TraitType":"Head","Value":"solo-head","ImageName":"solo-head.png"},{"TraitType":"Hat","Value":"hir-up","ImageName":"hir-up.png"},{"TraitType":"Necklace","Value":"leer03","ImageName":"leer03.png"},{"TraitType":"Snout","Value":"leer02","ImageName":"leer02.png"}],"Compiler":"NFT Art Engine"}