[{"ProjectName":"project01","ImageName":"0.png","UniqueName":"E77E2D,MAIN-pose-solo-hat-SOLO-SHADOW,the-bulli,hawaian-shirt,leer06,normal06,galsses04,solo-head,leer010 copy,leer010,candy-in-the-mouth","Dna":"0DFDCF94B80ECAE1A56CEE0DD3D5C234","Name":"#0","Description":"The project01  are a pack of 5 unique Crypto in NFT form","Image":"http://194.233.64.57/Data/Files/project01/images/0.png","Edition":0,"Date":637739204801803290,"Attributes":[{"TraitType":"Background","Value":"E77E2D","ImageName":"E77E2D.png"},{"TraitType":"Shadow","Value":"MAIN-pose-solo-hat-SOLO-SHADOW","ImageName":"MAIN-pose-solo-hat-SOLO-SHADOW.png"},{"TraitType":"Bulli","Value":"the-bulli","ImageName":"the-bulli.png"},{"TraitType":"Cloth","Value":"hawaian-shirt","ImageName":"hawaian-shirt.png"},{"TraitType":"Earring","Value":"leer06","ImageName":"leer06.png"},{"TraitType":"Eyeball","Value":"normal06","ImageName":"normal06.png"},{"TraitType":"Glasses","Value":"galsses04","ImageName":"galsses04.png"},{"TraitType":"Head","Value":"solo-head","ImageName":"solo-head.png"},{"TraitType":"Hat","Value":"leer010 copy","ImageName":"leer010 copy.png"},{"TraitType":"Necklace","Value":"leer010","ImageName":"leer010.png"},{"TraitType":"Snout","Value":"candy-in-the-mouth","ImageName":"candy-in-the-mouth.png"}],"Compiler":"NFT Art Engine"},{"ProjectName":"project01","ImageName":"1.png","UniqueName":"0EA085,MAIN-pose-solo-hat-SOLO-SHADOW,the-bulli,braces,leer05,normal07,leer08 copy,solo-head,leer03,necklace05,sausage-in-the-mouth","Dna":"839738A9737CE1241DF13D932CC670A9","Name":"#1","Description":"The project01  are a pack of 5 unique Crypto in NFT form","Image":"http://194.233.64.57/Data/Files/project01/images/1.png","Edition":1,"Date":637739204801805701,"Attributes":[{"TraitType":"Background","Value":"0EA085","ImageName":"0EA085.png"},{"TraitType":"Shadow","Value":"MAIN-pose-solo-hat-SOLO-SHADOW","ImageName":"MAIN-pose-solo-hat-SOLO-SHADOW.png"},{"TraitType":"Bulli","Value":"the-bulli","ImageName":"the-bulli.png"},{"TraitType":"Cloth","Value":"braces","ImageName":"braces.png"},{"TraitType":"Earring","Value":"leer05","ImageName":"leer05.png"},{"TraitType":"Eyeball","Value":"normal07","ImageName":"normal07.png"},{"TraitType":"Glasses","Value":"leer08 copy","ImageName":"leer08 copy.png"},{"TraitType":"Head","Value":"solo-head","ImageName":"solo-head.png"},{"TraitType":"Hat","Value":"leer03","ImageName":"leer03.png"},{"TraitType":"Necklace","Value":"necklace05","ImageName":"necklace05.png"},{"TraitType":"Snout","Value":"sausage-in-the-mouth","ImageName":"sausage-in-the-mouth.png"}],"Compiler":"NFT Art Engine"},{"ProjectName":"project01","ImageName":"2.png","UniqueName":"20AE65,MAIN-pose-solo-hat-SOLO-SHADOW,the-bulli,leer04,leer04,eyes-staring,leer010 copy,solo-head,leer04,leer07,leer01","Dna":"E5BDA618D0733C9FAD108CDD8BB93A8C","Name":"#2","Description":"The project01  are a pack of 5 unique Crypto in NFT form","Image":"http://194.233.64.57/Data/Files/project01/images/2.png","Edition":2,"Date":637739204801806475,"Attributes":[{"TraitType":"Background","Value":"20AE65","ImageName":"20AE65.png"},{"TraitType":"Shadow","Value":"MAIN-pose-solo-hat-SOLO-SHADOW","ImageName":"MAIN-pose-solo-hat-SOLO-SHADOW.png"},{"TraitType":"Bulli","Value":"the-bulli","ImageName":"the-bulli.png"},{"TraitType":"Cloth","Value":"leer04","ImageName":"leer04.png"},{"TraitType":"Earring","Value":"leer04","ImageName":"leer04.png"},{"TraitType":"Eyeball","Value":"eyes-staring","ImageName":"eyes-staring.png"},{"TraitType":"Glasses","Value":"leer010 copy","ImageName":"leer010 copy.png"},{"TraitType":"Head","Value":"solo-head","ImageName":"solo-head.png"},{"TraitType":"Hat","Value":"leer04","ImageName":"leer04.png"},{"TraitType":"Necklace","Value":"leer07","ImageName":"leer07.png"},{"TraitType":"Snout","Value":"leer01","ImageName":"leer01.png"}],"Compiler":"NFT Art Engine"},{"ProjectName":"project01","ImageName":"3.png","UniqueName":"8D44AA,MAIN-pose-solo-hat-SOLO-SHADOW,the-bulli,leer05,leer03,eyes-laser,leer01 copy,solo-head,band,necklace04,baloon-in-the-mouth","Dna":"CFF9D7195950A511274C97B2A5D82FCD","Name":"#3","Description":"The project01  are a pack of 5 unique Crypto in NFT form","Image":"http://194.233.64.57/Data/Files/project01/images/3.png","Edition":3,"Date":637739204801807250,"Attributes":[{"TraitType":"Background","Value":"8D44AA","ImageName":"8D44AA.png"},{"TraitType":"Shadow","Value":"MAIN-pose-solo-hat-SOLO-SHADOW","ImageName":"MAIN-pose-solo-hat-SOLO-SHADOW.png"},{"TraitType":"Bulli","Value":"the-bulli","ImageName":"the-bulli.png"},{"TraitType":"Cloth","Value":"leer05","ImageName":"leer05.png"},{"TraitType":"Earring","Value":"leer03","ImageName":"leer03.png"},{"TraitType":"Eyeball","Value":"eyes-laser","ImageName":"eyes-laser.png"},{"TraitType":"Glasses","Value":"leer01 copy","ImageName":"leer01 copy.png"},{"TraitType":"Head","Value":"solo-head","ImageName":"solo-head.png"},{"TraitType":"Hat","Value":"band","ImageName":"band.png"},{"TraitType":"Necklace","Value":"necklace04","ImageName":"necklace04.png"},{"TraitType":"Snout","Value":"baloon-in-the-mouth","ImageName":"baloon-in-the-mouth.png"}],"Compiler":"NFT Art Engine"},{"ProjectName":"project01","ImageName":"4.png","UniqueName":"3C556C,MAIN-pose-solo-hat-SOLO-SHADOW,the-bulli,leer010,earing-3,normal09,leer010,solo-head,hir-up,leer03,leer02","Dna":"A229CB14F4A633EB337871DC170BB1DA","Name":"#4","Description":"The project01  are a pack of 5 unique Crypto in NFT form","Image":"http://194.233.64.57/Data/Files/project01/images/4.png","Edition":4,"Date":637739204801807934,"Attributes":[{"TraitType":"Background","Value":"3C556C","ImageName":"3C556C.png"},{"TraitType":"Shadow","Value":"MAIN-pose-solo-hat-SOLO-SHADOW","ImageName":"MAIN-pose-solo-hat-SOLO-SHADOW.png"},{"TraitType":"Bulli","Value":"the-bulli","ImageName":"the-bulli.png"},{"TraitType":"Cloth","Value":"leer010","ImageName":"leer010.png"},{"TraitType":"Earring","Value":"earing-3","ImageName":"earing-3.png"},{"TraitType":"Eyeball","Value":"normal09","ImageName":"normal09.png"},{"TraitType":"Glasses","Value":"leer010","ImageName":"leer010.png"},{"TraitType":"Head","Value":"solo-head","ImageName":"solo-head.png"},{"TraitType":"Hat","Value":"hir-up","ImageName":"hir-up.png"},{"TraitType":"Necklace","Value":"leer03","ImageName":"leer03.png"},{"TraitType":"Snout","Value":"leer02","ImageName":"leer02.png"}],"Compiler":"NFT Art Engine"}]